pair_idx,jaccard,span_start,rouge_l,label,reason,baseline_ttft_ms,jcandidate_ttft_ms
0,0.6094,13,0.7333,MINOR,"Both responses outline the steps to find the top ten customers by revenue, but RESPONSE B includes a request for clarification which is not present in RESPONSE A.",56305.13,1362.97
1,0.5667,15,0.3301,MAJOR,"Response A provides a general explanation of LSH without mentioning its application, while Response B specifically applies LSH to fraud detection in financial transactions.",1354.07,1590.87
2,0.6232,14,0.3871,MINOR,"Both responses convey the same basic information about declining a meeting, but Response A is written from Carol's perspective, while Response B is written from an external perspective addressing the ",1797.57,1648.28
3,0.6,17,0.1463,MAJOR,"Response A provides specific population data and a direct source citation, while Response B offers historical context but lacks the specific information and source.",1633.72,1261.11
4,0.5965,13,0.216,MAJOR,"Response A provides a direct draft of the email, while Response B asks for a draft and includes additional context about the reason for the decline.",1369.18,1462.33
5,0.6349,14,0.25,MAJOR,"Response A provides a general approach to finding the top ten customers by revenue without any date filtering, while Response B asks for a modified query to include only customers from the third quart",1648.47,1849.89
6,0.6087,16,0.2187,MINOR,"Both responses provide the correct capital of France, but Response B includes additional details about the city's location, population, and cultural significance which are not present in Response A.",1792.68,1554.24
7,0.6316,14,0.375,MINOR,Both responses provide a similar explanation of LSH but differ slightly in the opening sentence and the exact phrasing of the second paragraph.,1372.18,1379.53
8,0.64,16,0.2514,MAJOR,"Response B does not group by `customer_name` and uses the `revenue` column directly in the ORDER BY clause instead of summing it up, which changes the meaning of the query.",1370.47,1607.31
9,0.5593,14,0.2171,MINOR,"Both responses provide the correct information about the capital of France, but Response A includes an additional request for the population of Paris which is not part of the original user query.",1426.1,1738.26
10,0.64,16,0.1728,MAJOR,"Response A uses the 'sales' table and calculates revenue directly from sale amounts, while Response B refers to 'orders' and 'customers' tables and explicitly asks for the customer's name and revenue.",1635.01,1396.25
11,0.7083,12,0.2629,EQUIVALENT,Both responses provide the same SQL query to find the top ten customers by revenue and include similar details about adjusting the query for different database systems.,1320.4,1343.95
12,0.629,12,0.2147,MAJOR,"Response A refers to an 'orders' table with specific columns ('customer_id', 'order_date', 'amount') and mentions a need for clarification about these columns, while Response B correctly identifies th",1498.72,1625.36
13,0.6716,12,0.1981,MAJOR,"Response A provides additional information about the population of Paris, which Response B does not mention.",1687.17,1765.84
14,0.6269,14,0.1481,MINOR,"Both responses correctly identify Paris as the capital of France, but Response A provides additional details about the city's population and significance, while Response B focuses on providing a conci",1364.52,1407.89
15,0.6607,11,0.2857,MAJOR,"Response A does not address the user's request for an explanation, while Response B provides a more relevant and detailed explanation of LSH.",1287.18,1316.35
16,0.5205,16,0.1659,MAJOR,"Response A summarizes the content of the document regarding AI's impact on employment, while Response B incorrectly states the document is about AI ethics and regulation without access to the actual d",1379.02,1254.14
17,0.6232,16,0.3284,MAJOR,Response A provides a polite and detailed email declining a meeting while Response B only outlines the content of the email without actually drafting it.,1336.54,1315.27
18,0.6,16,0.1364,MAJOR,"Response A focuses on summarizing the content of a document about AI job displacement, while Response B provides a generic summary of a sales performance report for Apple.",1616.15,1612.63
19,0.6818,13,0.1699,MINOR,"Both responses state that the capital of France is Paris, but Response A provides additional details about the city's population, role in government, and cultural significance, while Response B does n",1660.98,1071.25
20,0.6087,15,0.2634,MAJOR,Response A does not provide any information about the document's content and instead asks for the document or key points. Response B provides details about the document's title and length and directly,1336.91,1291.27
21,0.5789,13,0.2105,MAJOR,"Response A asks for clarification on the document's content and purpose, while Response B provides specific details about the document's content and expects a summary on a particular topic.",863.79,1284.91
22,0.5714,14,0.3502,MAJOR,"Response A focuses on the general use of LSH in data structures without providing a specific application, while Response B provides a more detailed explanation and an example relevant to Carol's work ",1602.06,1558.54
23,0.6923,12,0.3981,MINOR,"Both responses convey the same information and tone, but Response B is more concise and directly addresses the task without including additional pleasantries.",1617.77,1395.08
24,0.6944,15,0.184,MAJOR,Response A correctly identifies the table name as 'orders' and provides a complete and accurate query based on the given context. Response B incorrectly refers to a 'Customers' table and does not matc,1277.32,1386.44
25,0.569,13,0.12,MINOR,"Both responses aim to clarify the user's query and provide the capital of France, but Response A uses a more conversational and direct approach, while Response B provides a brief decomposition of the ",1337.67,1719.46
26,0.6522,18,0.2013,MAJOR,"Response A provides only the basic information about the capital of France, while Response B includes additional details about Paris's population, reputation, and sources.",1182.69,1776.2
27,0.8,12,0.1495,MAJOR,"Response A provides a complete draft of the email, while Response B only outlines the steps to create the email without actually drafting it.",1580.8,1307.32
28,0.6727,10,0.5152,MINOR,Both responses provide a similar introduction to LSH but differ slightly in the wording and formatting of the first paragraph.,1320.93,1324.11
29,0.5789,13,0.2028,MINOR,Both responses request clarification but differ slightly in the initial context provided and the exact wording used.,1661.22,1744.7
30,0.7213,10,0.1969,MAJOR,"Response A provides a step-by-step plan for writing the SQL query without seeking clarification, while Response B asks for more details before proceeding.",1704.8,1525.12
31,0.6923,14,0.1784,MAJOR,"Response A provides a polite and concise email drafted by Heidi, while Response B is a draft for someone else to send, indicating different content and purpose.",1359.09,1454.04
32,0.5965,13,0.2464,MAJOR,"Response A provides a complete draft of a polite email, while Response B only outlines a brief explanation and does not provide a full draft or follow the requested format.",1425.03,1706.76
33,0.6923,14,0.3028,MINOR,Both responses provide a brief explanation of LSH but differ slightly in wording and the inclusion of an example in the first paragraph.,1742.74,1628.09
34,0.6716,15,0.191,MAJOR,"Response A provides additional details about Paris's population, historical landmarks, and governance, while Response B only confirms the capital and provides a source without giving further informati",1505.09,1447.13
35,0.8333,14,0.2066,MAJOR,"Response A suggests declining a meeting with a client, while Response B indicates declining a meeting due to a family emergency. The reasons for declining the meeting differ significantly.",1552.6,1323.34
36,0.6909,9,0.3776,MINOR,Both responses start with a similar introduction but differ slightly in the wording and structure of the first paragraph.,1669.98,1708.29
37,0.7681,14,0.4457,MAJOR,"The first response refers to the `orders` table while the second response refers to the `sales` table, and the first response includes the `total_amount` column while the second response includes the ",1576.81,1540.6
38,0.7015,12,0.1905,MAJOR,"Response A provides a polite and concise email draft from Olivia's perspective, while Response B is written from the perspective of the assistant and lacks the personal touch and context provided in R",1270.49,1242.63
39,0.7143,14,0.1538,MAJOR,"Response A provides a complete SQL query and explains the use of `TOP` for SQL Server, while Response B only starts the query and lacks the closing part, and mentions the table and column names differ",1241.92,1601.73
40,0.5965,13,0.5283,MAJOR,"Response A provides a more detailed explanation of the situation and includes the reason for the meeting, while Response B only mentions the need to decline the meeting without providing context.",1714.14,1819.41
41,0.6324,15,0.3349,MAJOR,"Response A starts with a question and provides a detailed explanation without addressing the user's request, while Response B directly addresses the request and provides a concise explanation.",1422.26,1600.55
42,0.6545,14,0.1545,MAJOR,"Response A asks for clarification and seeks the document to be summarized, while Response B provides a specific topic and outline for the summary without requesting further details.",1755.56,1898.99
43,0.6716,16,0.2336,MAJOR,"Response A incorrectly identifies the document's topic as the impact of AI on employment, while Response B correctly states it is about AI ethics and regulation.",1479.84,1339.48
44,0.6176,15,0.2986,MINOR,"Both responses convey similar information about the need for the document or key points to summarize, but the wording and minor phrasing differ.",1456.27,1379.54
45,0.7167,14,0.2304,MAJOR,"Response A provides a clear and concise step-by-step approach to solving the problem, while Response B introduces additional requirements and assumptions not aligned with the original prompt.",1690.8,1751.91
46,0.6429,11,0.2115,EQUIVALENT,Both responses provide the same information and follow a similar structure to decompose the problem and answer the query about the capital of France.,1734.09,1457.06
47,0.6667,10,0.2091,MAJOR,"Response A asks for clarification on the type of summary needed and does not specify any particular topic, while Response B provides a detailed context about the document's content and requests a summ",1437.41,1430.55
48,0.7619,15,0.3333,MINOR,Both responses convey the same core information but differ slightly in structure and specific details like the exact date and time of the meeting.,1271.74,1705.04
49,0.6909,10,0.125,MINOR,"Both responses start with a similar introduction but differ slightly in their structure and content. Response A provides a more detailed paragraph without direct interaction, while Response B includes",1671.15,1435.88
50,0.6852,9,0.3178,MAJOR,"Response B does not address the user's request to decline a meeting politely and comprehensively, instead providing a partial draft that lacks context and does not maintain the professional tone as in",1393.09,1390.76
51,1.0,0,1.0,EQUIVALENT,Both responses provide the same SQL query and a similar note about the 'TOP' keyword being non-standard and suggest using 'LIMIT' instead.,1529.37,1759.34
52,0.6575,15,0.2979,MAJOR,"Response A uses the table name `Orders` while Response B uses `sales`, and Response B includes additional context about the schema of the `sales` table.",1656.5,1688.56
53,0.8036,7,0.3587,MINOR,"Both responses outline the same steps to calculate the top ten customers by revenue, but Response A uses different column names (`quantity`, `price`) compared to Response B (`amount`).",1368.61,1311.84
54,0.6618,12,0.2031,MINOR,"Both responses provide the correct capital of France and the source of this information, but Response A includes additional details about the city's history, population, and cultural significance whic",1292.57,394.58
55,0.569,14,0.2732,MINOR,Both responses convey the same core information but differ slightly in structure and additional details provided.,1681.22,1818.07
56,0.6852,9,0.28,MINOR,Both responses request clarification but differ slightly in the initial phrasing and detail provided.,1106.01,1227.62
57,0.6429,13,0.3366,MINOR,"Both responses start with a brief introduction to LSH but differ slightly in their second paragraph, with Response B requesting more detail and including a placeholder for an example.",1343.22,1302.95
58,0.5893,12,0.215,MINOR,"Both responses convey the same intent and steps to summarize the document, but Response A uses more conversational language and asks for more detailed input, while Response B provides a clearer breakd",1354.17,1449.38
59,0.6792,9,0.2146,MINOR,"Both responses aim to request a summary of the document but differ slightly in their approach and detail level. Response A seeks more specific guidance on what aspects to focus on, while Response B pr",1609.86,1757.93
60,0.78,12,0.1932,MAJOR,"Response A requests clarification and asks for specific details about the document, while Response B provides a detailed description of the document's content without requesting further information.",1651.58,1652.86
61,0.5862,14,0.1635,MAJOR,"Response A directly declines the meeting without providing context, while Response B provides additional context about the reason for declining and suggests breaking down the task.",1328.86,1250.83
62,0.6667,11,0.2162,MAJOR,"Response A does not contain specific details about the document's content, while Response B provides a detailed description of the document's topic and structure.",1210.05,1434.46
63,0.8065,13,0.3981,MINOR,"Both responses provide a brief explanation of LSH, but Response A includes an additional sentence about its application and uses less formal language, which could be seen as a minor difference.",1790.21,1601.46
64,0.7015,12,0.3091,MAJOR,"Response A provides a general reason for declining a meeting, while Response B gives a specific reason related to personal comfort and a sensitive legal matter.",1778.1,1263.33
65,0.8,6,0.2075,MINOR,"Both responses address the capital of France as Paris, but Response A includes additional questions and a more detailed decomposition of the problem, while Response B provides a concise and direct ans",1335.81,1330.7
66,0.6557,13,0.2135,MAJOR,"Response A assumes the 'orders' table has an 'amount' column, while Response B mentions 'orders' has 'order_id', 'customer_id', and 'product_id' columns, and suggests the need for additional tables li",1462.06,1798.04
67,0.6716,17,0.101,MAJOR,"Response A incorrectly summarizes a document about AI impacts on the job market, while Response B correctly identifies and summarizes the content of Apple's Environmental Impact Report.",1608.52,1661.57
68,0.6143,17,0.3744,MINOR,"Both responses provide a similar explanation of LSH, but Response B is slightly more concise and omits the suggestion to include applications.",1430.58,1295.96
69,0.7143,14,0.4125,MAJOR,"Response A correctly references the `transactions` table and provides a detailed breakdown of the query, while Response B incorrectly refers to a `customers` table and omits some details like the `SUM",1317.89,1350.81
70,0.6765,13,0.3062,MAJOR,"Response A provides a draft for declining a meeting related to a project Uma is not involved in, while Response B suggests declining a meeting due to personal circumstances without providing a draft.",1737.2,1655.2
71,0.697,15,0.2752,MINOR,"Both responses discuss LSH but differ slightly in structure and detail. Response A provides an example and elaborates on the concept, while Response B focuses more on the application in financial mark",1647.83,1355.14
72,0.6852,10,0.2778,MAJOR,"Response B includes additional context about the competitor company and suggests maintaining a professional relationship, which is not present in Response A.",1319.51,1281.42
73,0.6071,12,0.3486,MAJOR,"Response B includes additional context about the lawyer being unavailable due to a court appearance, which is not present in Response A.",1381.35,1727.11
74,0.6852,12,0.4873,MINOR,Both responses provide a similar explanation of LSH but differ slightly in the opening sentences and the exact wording of the first paragraph.,1816.62,1702.94
75,0.6575,15,0.5089,MAJOR,"Response A does not include the `customer_name` in the SELECT statement and assumes the `amount` column represents revenue, while Response B includes `customer_name` and explicitly references the `rev",1511.03,1362.22
76,0.6909,10,0.4279,EQUIVALENT,"Both responses provide the same information and follow the same structure, with minor differences in wording and formatting.",1351.07,1351.91
77,0.6316,13,0.3028,MAJOR,"Response A directly addresses the user's request to decline a meeting and suggests a new date, while Response B asks for a draft of an email to decline a meeting without providing context or details a",1403.68,1755.96
78,0.6923,9,0.2544,MAJOR,"Response A asks for clarification and does not provide a summary, while Response B provides details about the document's content and asks for a summary focusing on specific aspects.",1745.04,1691.79
79,0.6818,16,0.1786,MAJOR,"Response A provides a detailed summary of the document's content without access to it, while Response B asks for key points from the document and acknowledges not having access to it.",1389.55,1502.97
80,0.6182,12,0.2143,MAJOR,"Response A requests clarification on the user's query, while Response B directly states the capital without seeking further information and omits the request for clarification.",1372.45,1478.78
81,0.8333,6,0.3541,MINOR,Both responses convey the same information but differ slightly in structure and wording.,1759.98,1657.98
82,0.5789,14,0.1773,MAJOR,"Response A requests clarification from the user, while Response B provides a detailed summary without seeking further information.",1457.86,1405.27
83,0.8485,6,0.1444,MAJOR,"Response A provides a complete and accurate SQL query based on the given table structure, while Response B does not provide a complete query and instead mentions needing more information about the dat",1284.75,1284.26
84,0.5965,13,0.3744,MINOR,"Both responses provide a draft for declining a meeting politely, but Response A includes more context about a family emergency, while Response B specifies the date and time of the meeting and mentions",1318.42,1741.8
85,0.6087,16,0.1692,MINOR,"Both responses correctly state that the capital of France is Paris, but Response A provides additional context about the population and cites a specific source, while Response B does not offer such de",1496.19,777.88
86,0.6923,9,0.1767,MAJOR,"Response A asks for clarification on the document's terms and content, while Response B provides assumptions about the document's content and asks for a summary focusing on market trends and stock per",1734.28,1223.39
87,0.625,12,0.2759,MAJOR,"Response A provides a general definition of LSH without mentioning its application, while Response B focuses on applying LSH to inventory management and includes details about benefits and challenges.",1379.47,1285.01
88,0.5789,14,0.2093,MINOR,Both responses provide the correct capital of France but differ slightly in structure and additional details.,974.98,1517.02
89,0.6296,12,0.1646,MAJOR,"Response A asks for clarification on which document is being referred to, while Response B provides context about the document's content and purpose.",899.83,1708.37
90,0.6207,15,0.283,MINOR,"Both responses convey the same information but differ slightly in structure and wording, such as the use of 'Certainly' and the inclusion of a subject line in the second response.",1702.22,1253.04
91,0.697,15,0.3163,MINOR,Both responses discuss LSH but differ slightly in structure and wording without losing any substantive information.,1304.83,1337.0
92,0.6418,14,0.2315,MINOR,"Both responses provide a brief explanation of LSH but differ slightly in structure and detail. Response A includes a mention of hash functions and collisions, while Response B uses an analogy of findi",1434.57,1687.15
93,0.6818,12,0.1702,MAJOR,Response A does not contain any information about the document's content and asks for the document or a summary of its key points. Response B provides a detailed summary of the document's content but ,532.13,1774.67
94,0.6567,13,0.1488,MAJOR,"Response A summarizes the content of a generic document about AI's impact on the job market, while Response B provides specific details about an internal document related to the iPhone 13 series.",1483.0,1288.61
95,0.6296,12,0.1531,MAJOR,Response A addresses a software development contract while Response B summarizes a legal report on a business dispute between two companies.,1307.28,1268.41
96,0.7042,15,0.4852,MAJOR,"Response A provides a more detailed breakdown of the query, including the calculation of total revenue, while Response B simplifies the query and omits the necessary GROUP BY clause.",1479.22,1739.38
97,0.6818,15,0.3167,MAJOR,"Response A provides a clear explanation of LSH, while Response B seems to misunderstand the question and instead comments on the user's interest in machine learning.",1674.72,1657.38
98,0.6909,10,0.2304,MINOR,Both responses convey the same core information but differ slightly in the structure and additional details provided.,1288.64,1269.64
99,0.6944,15,0.2093,MAJOR,"Response A provides a specific SQL query for the top ten customers by revenue without mentioning the customer name or rank, while Response B includes these details but does not provide a complete quer",1362.89,1627.87
